{
  "images": [
    {
      "time": 1.19807,
      "status": "Complete",
      "url": false,
      "width": 1080,
      "height": 720,
      "image_id": "3d1c32d319910df62bf945a5dadae8ed",
      "image_expiration": "2014-10-01 16:44 -0400",
      "setpose_image": "",
      "faces": [
        {
          "topLeftX": 357,
          "topLeftY": 171,
          "width": 417,
          "height": 417,
          "leftEyeCenterX": 489.05,
          "leftEyeCenterY": 327.375,
          "rightEyeCenterX": 654.1125,
          "rightEyeCenterY": 336.0625,
          "noseTipX": 561.6141208937,
          "noseTipY": 417.55687406179,
          "noseBtwEyesX": 574.76840990791,
          "noseBtwEyesY": 315.03639184899,
          "chinTipX": 559.41543116033,
          "chinTipY": 605.80822750969,
          "leftEyeCornerLeftX": 468.4171875,
          "leftEyeCornerLeftY": 326.2890625,
          "leftEyeCornerRightX": 530.1798828125,
          "leftEyeCornerRightY": 332.1259765625,
          "rightEyeCornerLeftX": 617.73359375,
          "rightEyeCornerLeftY": 339.3203125,
          "rightEyeCornerRightX": 690.0841796875,
          "rightEyeCornerRightY": 340.5419921875,
          "rightEarTragusX": 739.03747028643,
          "rightEarTragusY": 380.47819721309,
          "leftEarTragusX": 388.67438476355,
          "leftEarTragusY": 369.71988208923,
          "leftEyeBrowLeftX": 432.02776352176,
          "leftEyeBrowLeftY": 281.69581513157,
          "leftEyeBrowMiddleX": 476.45153440422,
          "leftEyeBrowMiddleY": 271.13954487665,
          "leftEyeBrowRightX": 532.38264505389,
          "leftEyeBrowRightY": 286.99463082152,
          "rightEyeBrowLeftX": 622.44471822376,
          "rightEyeBrowLeftY": 291.74997823558,
          "rightEyeBrowMiddleX": 685.01677080875,
          "rightEyeBrowMiddleY": 279.57157537798,
          "rightEyeBrowRightX": 725.37280184646,
          "rightEyeBrowRightY": 297.1846609945,
          "nostrilLeftHoleBottomX": 534.5234293024,
          "nostrilLeftHoleBottomY": 441.93022422699,
          "nostrilRightHoleBottomX": 588.56067320432,
          "nostrilRightHoleBottomY": 444.78343267542,
          "nostrilLeftSideX": 509.19900960241,
          "nostrilLeftSideY": 432.85194728078,
          "nostrilRightSideX": 612.12709322512,
          "nostrilRightSideY": 438.2866300397,
          "lipCornerLeftX": 496.85992299958,
          "lipCornerLeftY": 519.93321698062,
          "lipLineMiddleX": 558.75264024177,
          "lipLineMiddleY": 520.62082455048,
          "lipCornerRightX": 615.22721916569,
          "lipCornerRightY": 526.18310215338,
          "pitch": -0.31985363084606,
          "yaw": 0.4814175066982,
          "roll": 4.0803031657893
        }
      ]
    }
  ]
}